name,url,username,password,note
www.unhinged.ai,https://www.unhinged.ai/signup,billyjoel@gmail.com,billypleasedont,
www.unhinged.ai,https://www.unhinged.ai/signup,gwilliams@example.com,V&48Pl6tyl,
www.unhinged.ai,https://www.unhinged.ai/signup,johnchaney@example.net,%S6VRzHop#,
www.unhinged.ai,https://www.unhinged.ai/signup,yolandaturner@example.org,+fxJcGIf2R,
www.unhinged.ai,https://www.unhinged.ai/signup,jeremylittle@example.com,0wE2m^Js$3,
www.unhinged.ai,https://www.unhinged.ai/signup,staceyjohnson@example.org,l$1XYUikF),
www.unhinged.ai,https://www.unhinged.ai/signup,tdelgado@example.net,X&3D@UlV_c,
www.unhinged.ai,https://www.unhinged.ai/signup,xwyatt@example.com,I!DY2GFz05,
www.unhinged.ai,https://www.unhinged.ai/signup,johnchaney@example.net,%S6VRzHop#,
www.unhinged.ai,https://www.unhinged.ai/signup,rherrera@example.org,$4Wjy^I2@z,
www.unhinged.ai,https://www.unhinged.ai/signup,jamesayers@example.com,_8To#h0m*n,
www.unhinged.ai,https://www.unhinged.ai/signup,josephscott@example.net,7HJ(osE7@Y,
www.unhinged.ai,https://www.unhinged.ai/signup,tanya22@example.net,%V2Yo)&bDO,
www.unhinged.ai,https://www.unhinged.ai/signup,danielwillie@example.net,B&5DpDaw#*,
www.unhinged.ai,https://www.unhinged.ai/signup,patriciacollins@example.net,+^2Q)fQjDV,
www.unhinged.ai,https://www.unhinged.ai/signup,douglas05@example.com,%7YyFWtU2Q,
www.unhinged.ai,https://www.unhinged.ai/signup,keith84@example.org,Jp3Mcx_S!k,
www.unhinged.ai,https://www.unhinged.ai/signup,connierose@example.net,!z5V0ob_0M,
www.unhinged.ai,https://www.unhinged.ai/signup,julia18@example.net,*_4mXUm3%r,
www.unhinged.ai,https://www.unhinged.ai/signup,tjohnson@example.net,!9RiApbxst,
www.unhinged.ai,https://www.unhinged.ai/signup,bmendoza@example.org,o!7f4Vy3#q,
www.unhinged.ai,https://www.unhinged.ai/signup,carlcooper@example.net,K7TN_zs9&z,
www.unhinged.ai,https://www.unhinged.ai/signup,ucole@example.org,bl#a9GFwp&,
www.unhinged.ai,https://www.unhinged.ai/signup,andersonaustin@example.net,$y3ETFkjum,
www.unhinged.ai,https://www.unhinged.ai/signup,martin59@example.com,S7+D9Qzo&A,
www.unhinged.ai,https://www.unhinged.ai/signup,smithtina@example.org,u#3W_DFp+M,
www.unhinged.ai,https://www.unhinged.ai/signup,dustin39@example.org,$5Zhi8R2v8,
www.unhinged.ai,https://www.unhinged.ai/signup,carlosrichardson@example.org,k6mSWnW1#w,
www.unhinged.ai,https://www.unhinged.ai/signup,tammyparker@example.net,(g5oLqim0W,
www.unhinged.ai,https://www.unhinged.ai/signup,thompsondavid@example.org,++7gFIxct),
www.unhinged.ai,https://www.unhinged.ai/signup,ronalddouglas@example.net,f7FP+K*++i,
www.unhinged.ai,https://www.unhinged.ai/signup,wmonroe@example.com,R_4UeJ&wBG,
www.unhinged.ai,https://www.unhinged.ai/signup,selena08@example.com,*W77yLmk8$,
www.unhinged.ai,https://www.unhinged.ai/signup,patrickcox@example.com,ld$3LiQe$4,
www.unhinged.ai,https://www.unhinged.ai/signup,heather25@example.net,O@5nGBPb!u,
www.unhinged.ai,https://www.unhinged.ai/signup,mitchellryan@example.org,iGC1odTr(#,
www.unhinged.ai,https://www.unhinged.ai/signup,yholmes@example.net,Y83EoNk^!j,
www.unhinged.ai,https://www.unhinged.ai/signup,rojasmark@example.org,$A7vVojnho,
www.unhinged.ai,https://www.unhinged.ai/signup,jeffersontracy@example.net,7rw#6sfx*C,
www.unhinged.ai,https://www.unhinged.ai/signup,escobareric@example.com,VWIVH+em(7,
www.unhinged.ai,https://www.unhinged.ai/signup,lclark@example.net,D1MMGuNM#),
www.unhinged.ai,https://www.unhinged.ai/signup,qdavis@example.org,8tQ1Wksj_2,
www.unhinged.ai,https://www.unhinged.ai/signup,wperkins@example.com,%9dL2Cq@#y,
www.unhinged.ai,https://www.unhinged.ai/signup,jeremy82@example.net,$5uNg7Rzww,
www.unhinged.ai,https://www.unhinged.ai/signup,awilliams@example.com,H0GK75Jlz+,
www.unhinged.ai,https://www.unhinged.ai/signup,david87@example.org,)#2EpQdyh0,
www.unhinged.ai,https://www.unhinged.ai/signup,erichards@example.com,1gEv5SiOK_,
www.unhinged.ai,https://www.unhinged.ai/signup,hwalker@example.org,ksLKx8cU(0,
www.unhinged.ai,https://www.unhinged.ai/signup,carmen69@example.com,_i4sSi%xQM,
www.unhinged.ai,https://www.unhinged.ai/signup,troysanchez@example.org,xX7Vo@j+_7,
www.unhinged.ai,https://www.unhinged.ai/signup,jeremy30@example.net,f+7NUSjpxC,
www.unhinged.ai,https://www.unhinged.ai/signup,brendaprice@example.org,@y3H4LNyI5,
www.unhinged.ai,https://www.unhinged.ai/signup,andersonbenjamin@example.org,(KrpM9A)3v,
www.unhinged.ai,https://www.unhinged.ai/signup,wadekyle@example.com,R)IID&kj#2,
www.unhinged.ai,https://www.unhinged.ai/signup,michellehaynes@example.com,t%0m%cSl1i,
www.unhinged.ai,https://www.unhinged.ai/signup,adamwatson@example.org,67EItJ1P#V,
www.unhinged.ai,https://www.unhinged.ai/signup,melissa70@example.com,u3iMGf!%+X,
www.unhinged.ai,https://www.unhinged.ai/signup,robert58@example.net,z_e39VI@_y,
www.unhinged.ai,https://www.unhinged.ai/signup,john83@example.net,lcVX7Dhq%8,
www.unhinged.ai,https://www.unhinged.ai/signup,ruizrandall@example.com,*%*5Lb&K4@,
www.unhinged.ai,https://www.unhinged.ai/signup,smithangela@example.org,@0Z76gMn&1,
www.unhinged.ai,https://www.unhinged.ai/signup,wayne71@example.com,aV(&IUtp&1,
www.unhinged.ai,https://www.unhinged.ai/signup,calebmartinez@example.net,*ztXqPW+4l,
www.unhinged.ai,https://www.unhinged.ai/signup,michael42@example.net,M92%WsQ$&@,
www.unhinged.ai,https://www.unhinged.ai/signup,melvin33@example.com,o8$^B$O5$q,
www.unhinged.ai,https://www.unhinged.ai/signup,mary32@example.net,4)XjPpBT$u,
www.unhinged.ai,https://www.unhinged.ai/signup,crandolph@example.net,vT6Fk2a25!,
www.unhinged.ai,https://www.unhinged.ai/signup,robert84@example.net,*!38N^jznE,
www.unhinged.ai,https://www.unhinged.ai/signup,jasoncain@example.org,V5c!QLu((t,
www.unhinged.ai,https://www.unhinged.ai/signup,stacey56@example.com,3K9NY!6m^P,
www.unhinged.ai,https://www.unhinged.ai/signup,brendawilliams@example.net,Va4BhFp*%s,
www.unhinged.ai,https://www.unhinged.ai/signup,bjohnson@example.net,JPs7Buo%%F,
www.unhinged.ai,https://www.unhinged.ai/signup,andrew93@example.net,^!4Ts#%eiR,
www.unhinged.ai,https://www.unhinged.ai/signup,vargasalicia@example.net,$)F2uig*D9,
www.unhinged.ai,https://www.unhinged.ai/signup,pricejo@example.net,$L04Jv3GWP,
www.unhinged.ai,https://www.unhinged.ai/signup,swilson@example.com,)3SMWg8&yZ,
www.unhinged.ai,https://www.unhinged.ai/signup,michaelshawn@example.org,L8dPq!mr(e,
www.unhinged.ai,https://www.unhinged.ai/signup,kimberly65@example.com,cg8RcOf#$i,
www.unhinged.ai,https://www.unhinged.ai/signup,sabrina60@example.com,@fDMEWch01,
www.unhinged.ai,https://www.unhinged.ai/signup,sschwartz@example.com,w&Ie3E@bWJ,
www.unhinged.ai,https://www.unhinged.ai/signup,blake36@example.com,B9!polpq+C,
www.unhinged.ai,https://www.unhinged.ai/signup,xtaylor@example.org,$54xJAsld!,
www.unhinged.ai,https://www.unhinged.ai/signup,iyoung@example.net,m5X#0Ivu^4,
www.unhinged.ai,https://www.unhinged.ai/signup,kristopherreilly@example.net,@7TW)3mobq,
www.unhinged.ai,https://www.unhinged.ai/signup,granttaylor@example.com,3C8iqCvs*0,
www.unhinged.ai,https://www.unhinged.ai/signup,nturner@example.com,*22BSso+Lk,
www.unhinged.ai,https://www.unhinged.ai/signup,shannon79@example.org,)LI1hD$wy8,
www.unhinged.ai,https://www.unhinged.ai/signup,emilycarrillo@example.net,j@dx56Qh5B,
www.unhinged.ai,https://www.unhinged.ai/signup,smithcolin@example.org,N5PPdoGN_i,
www.unhinged.ai,https://www.unhinged.ai/signup,aaronbullock@example.com,aG_5XDlt_s,
www.unhinged.ai,https://www.unhinged.ai/signup,lozanoalexis@example.com,7mFLrk$c*7,
www.unhinged.ai,https://www.unhinged.ai/signup,daniel30@example.com,#47$2Nrarl,
www.unhinged.ai,https://www.unhinged.ai/signup,wrightdanielle@example.org,^KO1EUKvb5,
www.unhinged.ai,https://www.unhinged.ai/signup,patrick17@example.net,I%y10Bdp+q,
www.unhinged.ai,https://www.unhinged.ai/signup,tyler46@example.org,)0+RwK&LMM,
www.unhinged.ai,https://www.unhinged.ai/signup,jose50@example.net,!cdX3xHjC9,
www.unhinged.ai,https://www.unhinged.ai/signup,aoconnor@example.com,A0bY3Orj^l,
www.unhinged.ai,https://www.unhinged.ai/signup,cmurphy@example.com,TCDC#KAm_5,
www.unhinged.ai,https://www.unhinged.ai/signup,lmartinez@example.com,Z%R2Jsr3Z_,
www.unhinged.ai,https://www.unhinged.ai/signup,stevenjenkins@example.com,rc42bKQxR*,
www.unhinged.ai,https://www.unhinged.ai/signup,hansenryan@example.com,I6!Z%fQg$z,
www.unhinged.ai,https://www.unhinged.ai/signup,shannonlove@example.org,1%LuEqiF&u,
www.unhinged.ai,https://www.unhinged.ai/signup,jwilson@example.org,*14Lfj3q41,
www.unhinged.ai,https://www.unhinged.ai/signup,davisedgar@example.org,%8G^CdZTn2,
www.unhinged.ai,https://www.unhinged.ai/signup,leah43@example.net,V4OW)svw)V,
www.unhinged.ai,https://www.unhinged.ai/signup,vmccullough@example.org,IO^42Qde(H,
www.unhinged.ai,https://www.unhinged.ai/signup,brittney80@example.net,(LJvwUt%0O,
www.unhinged.ai,https://www.unhinged.ai/signup,holmesrobin@example.net,+3LZ&Azg&m,
www.unhinged.ai,https://www.unhinged.ai/signup,benjaminsmith@example.net,^R&jtBjPq4,
www.unhinged.ai,https://www.unhinged.ai/signup,debbie40@example.com,4KUAeudn+T,
www.unhinged.ai,https://www.unhinged.ai/signup,buchananbreanna@example.net,$7R+r$BE$v,
www.unhinged.ai,https://www.unhinged.ai/signup,phurley@example.org,3BGoUi14#Q,
www.unhinged.ai,https://www.unhinged.ai/signup,middletondaniel@example.com,5HhGC2Zlz#,
www.unhinged.ai,https://www.unhinged.ai/signup,martinezgabriel@example.com,b$5XWxg%Yd,
www.unhinged.ai,https://www.unhinged.ai/signup,steven98@example.net,29qKl6Po*j,
www.unhinged.ai,https://www.unhinged.ai/signup,lball@example.org,5e!bM2^b#N,
www.unhinged.ai,https://www.unhinged.ai/signup,johnsonrobin@example.com,Hq3sER@&+^,
www.unhinged.ai,https://www.unhinged.ai/signup,cabrerajoshua@example.com,zUf4Jfo+_#,
www.unhinged.ai,https://www.unhinged.ai/signup,ashley35@example.net,)C^KOakn*8,
www.unhinged.ai,https://www.unhinged.ai/signup,amandawarner@example.com,^KD$2aRvk7,
www.unhinged.ai,https://www.unhinged.ai/signup,philipwilliams@example.org,w(51MKuvcA,
www.unhinged.ai,https://www.unhinged.ai/signup,brownsarah@example.net,cK&4!Mz1C),
www.unhinged.ai,https://www.unhinged.ai/signup,angela26@example.com,&3DAVLhRvV,
www.unhinged.ai,https://www.unhinged.ai/signup,madison64@example.net,n#2GI2Xds),
www.unhinged.ai,https://www.unhinged.ai/signup,sheila65@example.org,qZpCd1V+@1,
www.unhinged.ai,https://www.unhinged.ai/signup,alyssa85@example.org,J%VpPg1o5S,
www.unhinged.ai,https://www.unhinged.ai/signup,sjones@example.org,ozZgd&RH*7,
www.unhinged.ai,https://www.unhinged.ai/signup,nunezjanet@example.org,#$69!N7o6n,
www.unhinged.ai,https://www.unhinged.ai/signup,jlewis@example.net,4bsvhVjP#h,
www.unhinged.ai,https://www.unhinged.ai/signup,jamiemartinez@example.com,*!xI0VlkPG,
www.unhinged.ai,https://www.unhinged.ai/signup,benjaminmarquez@example.net,#B2H4ky9!u,
www.unhinged.ai,https://www.unhinged.ai/signup,jessica80@example.com,3KDoPf(a#E,
www.unhinged.ai,https://www.unhinged.ai/signup,mwilliams@example.com,$Xh5GvhyW^,
www.unhinged.ai,https://www.unhinged.ai/signup,onicholson@example.net,U23)T3oA$0,
www.unhinged.ai,https://www.unhinged.ai/signup,jonesbrianna@example.com,84Hcbg#m#i,
www.unhinged.ai,https://www.unhinged.ai/signup,williamspaula@example.net,&DMBqRfa83,
www.unhinged.ai,https://www.unhinged.ai/signup,millercindy@example.net,*Q1Dg(Ln_(,
www.unhinged.ai,https://www.unhinged.ai/signup,julie19@example.org,)uvGde$E#5,
www.unhinged.ai,https://www.unhinged.ai/signup,toddyoung@example.net,&g*NhP3o3i,
www.unhinged.ai,https://www.unhinged.ai/signup,djones@example.org,J*SYfmAc(7,
www.unhinged.ai,https://www.unhinged.ai/signup,joshua62@example.org,*^wk(4Ro)P,
www.unhinged.ai,https://www.unhinged.ai/signup,keith34@example.com,$MA8#TfsH),
www.unhinged.ai,https://www.unhinged.ai/signup,gmonroe@example.org,$U)dFdvuR3,
www.unhinged.ai,https://www.unhinged.ai/signup,daniel34@example.org,Xd0TQXJ6P),
www.unhinged.ai,https://www.unhinged.ai/signup,blanchardcody@example.net,_b0^T##b9f,
www.unhinged.ai,https://www.unhinged.ai/signup,tiffanyhill@example.com,)O3VJxv4&K,
www.unhinged.ai,https://www.unhinged.ai/signup,obradley@example.net,H_$6M6Cw0*,
www.unhinged.ai,https://www.unhinged.ai/signup,uhogan@example.com,%(f5reKyT6,
www.unhinged.ai,https://www.unhinged.ai/signup,briangutierrez@example.com,!#*4Vd@kKA,
www.unhinged.ai,https://www.unhinged.ai/signup,john23@example.net,$%1ET9mk9#,
www.unhinged.ai,https://www.unhinged.ai/signup,sharonyoung@example.com,7r128(AsK!,
www.unhinged.ai,https://www.unhinged.ai/signup,joel93@example.com,en60nrYj6(,
www.unhinged.ai,https://www.unhinged.ai/signup,christopherthompson@example.net,8sGTC3F$#H,
www.unhinged.ai,https://www.unhinged.ai/signup,annette54@example.com,H8PuEN)+^w,
www.unhinged.ai,https://www.unhinged.ai/signup,lwilson@example.com,C6b#LAJw#I,
www.unhinged.ai,https://www.unhinged.ai/signup,achapman@example.com,*2P%Pn7nk6,
www.unhinged.ai,https://www.unhinged.ai/signup,johnsanchez@example.org,*W&5LEdq@x,
www.unhinged.ai,https://www.unhinged.ai/signup,gonzalezjessica@example.com,)CBrtGU19y,
www.unhinged.ai,https://www.unhinged.ai/signup,hoffmanjodi@example.net,+8rOGg4K$b,
www.unhinged.ai,https://www.unhinged.ai/signup,hollyelliott@example.org,Y&HSbGnW*6,
www.unhinged.ai,https://www.unhinged.ai/signup,laurenray@example.org,_6sDR$l79C,
www.unhinged.ai,https://www.unhinged.ai/signup,boyddana@example.com,sC8YzzOo)8,
www.unhinged.ai,https://www.unhinged.ai/signup,pollardtammie@example.net,m^2bhcBsEP,
www.unhinged.ai,https://www.unhinged.ai/signup,feliciaquinn@example.com,b#YXw9ZyqN,
www.unhinged.ai,https://www.unhinged.ai/signup,juliecharles@example.net,#L#Ep6dcX5,
www.unhinged.ai,https://www.unhinged.ai/signup,jennytaylor@example.org,Q&5O9Jetlt,
www.unhinged.ai,https://www.unhinged.ai/signup,ipruitt@example.org,f^#4sD!bMy,
www.unhinged.ai,https://www.unhinged.ai/signup,robertsherman@example.com,6q_3kRgDJk,
www.unhinged.ai,https://www.unhinged.ai/signup,tina60@example.com,o8lJFwf7(W,
www.unhinged.ai,https://www.unhinged.ai/signup,fishertoni@example.org,#9IrjcHz8Y,
www.unhinged.ai,https://www.unhinged.ai/signup,paulabaker@example.com,4K%6AaLW^@,
www.unhinged.ai,https://www.unhinged.ai/signup,deckerjames@example.org,P1BCHnFd&N,
www.unhinged.ai,https://www.unhinged.ai/signup,kelseymiller@example.net,3NhSrAxr*Y,
www.unhinged.ai,https://www.unhinged.ai/signup,jbentley@example.org,G$o2BjuyiJ,
www.unhinged.ai,https://www.unhinged.ai/signup,xanderson@example.net,@3qQI)Yjiu,
www.unhinged.ai,https://www.unhinged.ai/signup,marie45@example.com,wEQnq7Vo(f,
www.unhinged.ai,https://www.unhinged.ai/signup,powerselizabeth@example.org,S7FGrY7W(n,
www.unhinged.ai,https://www.unhinged.ai/signup,tyler46@example.net,YhpJFz$p(8,
www.unhinged.ai,https://www.unhinged.ai/signup,ramossteve@example.org,)oXBpi)QN5,
www.unhinged.ai,https://www.unhinged.ai/signup,gonzalezjim@example.net,cK5p2MoL_S,
www.unhinged.ai,https://www.unhinged.ai/signup,juliemueller@example.net,&4YADp8Nk),
www.unhinged.ai,https://www.unhinged.ai/signup,wfisher@example.com,XVn6Hc_i_3,
www.unhinged.ai,https://www.unhinged.ai/signup,tranbrandon@example.net,xzb#7Vdoav,
www.unhinged.ai,https://www.unhinged.ai/signup,roblesjanice@example.org,^7RZvG!nc+,
www.unhinged.ai,https://www.unhinged.ai/signup,faulknerjulie@example.com,mdP&9Qp8MH,
www.unhinged.ai,https://www.unhinged.ai/signup,weeksjanice@example.com,&94BTPorh!,
www.unhinged.ai,https://www.unhinged.ai/signup,samanthahoover@example.org,er1ixXFvA*,
www.unhinged.ai,https://www.unhinged.ai/signup,austinshepard@example.org,7J5DhJj0_%,
www.unhinged.ai,https://www.unhinged.ai/signup,beverly01@example.org,h)k8H*fFMh,
www.unhinged.ai,https://www.unhinged.ai/signup,destinyjordan@example.com,(0GZXfr6F3,
www.unhinged.ai,https://www.unhinged.ai/signup,gabrielasmith@example.org,#47_N0#b+F,
www.unhinged.ai,https://www.unhinged.ai/signup,cindy15@example.com,V*66DCf$32,
www.unhinged.ai,https://www.unhinged.ai/signup,kevin08@example.net,D)9v5V$n9%,
www.unhinged.ai,https://www.unhinged.ai/signup,stewartmarcus@example.org,^op7Vq#T6J,
www.unhinged.ai,https://www.unhinged.ai/signup,william69@example.org,PbTyr0&7!6,
www.unhinged.ai,https://www.unhinged.ai/signup,donaldsantos@example.com,5ez4TGfvK#,
www.unhinged.ai,https://www.unhinged.ai/signup,sally48@example.org,%0QMGhD3w7,
www.unhinged.ai,https://www.unhinged.ai/signup,austin35@example.com,@e)DfO1g@1,
www.unhinged.ai,https://www.unhinged.ai/signup,stephaniegibson@example.com,^z1A&2QQ^$,
www.unhinged.ai,https://www.unhinged.ai/signup,kevin54@example.com,K&^M0WRbR*,
